{
    "name": "root",
    "gauges": {
        "5cars.Policy.Entropy.mean": {
            "value": 0.7859724760055542,
            "min": 0.780722439289093,
            "max": 2.129319906234741,
            "count": 20
        },
        "5cars.Policy.Entropy.sum": {
            "value": 39239.67578125,
            "min": 39122.0,
            "max": 106902.5,
            "count": 20
        },
        "5cars.Step.mean": {
            "value": 999995.0,
            "min": 49982.0,
            "max": 999995.0,
            "count": 20
        },
        "5cars.Step.sum": {
            "value": 999995.0,
            "min": 49982.0,
            "max": 999995.0,
            "count": 20
        },
        "5cars.Policy.ExtrinsicValueEstimate.mean": {
            "value": 2713.882568359375,
            "min": -4.194517612457275,
            "max": 2713.882568359375,
            "count": 20
        },
        "5cars.Policy.ExtrinsicValueEstimate.sum": {
            "value": 2122256.25,
            "min": -3397.559326171875,
            "max": 2122256.25,
            "count": 20
        },
        "5cars.Environment.EpisodeLength.mean": {
            "value": 11907.0,
            "min": 357.1111111111111,
            "max": 18983.5,
            "count": 15
        },
        "5cars.Environment.EpisodeLength.sum": {
            "value": 11907.0,
            "min": 7881.0,
            "max": 55151.0,
            "count": 15
        },
        "5cars.Environment.CumulativeReward.mean": {
            "value": 328526.8352050781,
            "min": -187.41609404318862,
            "max": 526507.2979278564,
            "count": 15
        },
        "5cars.Environment.CumulativeReward.sum": {
            "value": 328526.8352050781,
            "min": -11807.213924720883,
            "max": 1509599.1937561035,
            "count": 15
        },
        "5cars.Policy.ExtrinsicReward.mean": {
            "value": 328526.8352050781,
            "min": -187.41609404318862,
            "max": 526507.2979278564,
            "count": 15
        },
        "5cars.Policy.ExtrinsicReward.sum": {
            "value": 328526.8352050781,
            "min": -11807.213924720883,
            "max": 1509599.1937561035,
            "count": 15
        },
        "5cars.Losses.PolicyLoss.mean": {
            "value": 0.022255340982228516,
            "min": 0.02072610162198544,
            "max": 0.02741450678246717,
            "count": 20
        },
        "5cars.Losses.PolicyLoss.sum": {
            "value": 0.11127670491114258,
            "min": 0.09054776690900325,
            "max": 0.13707253391233584,
            "count": 20
        },
        "5cars.Losses.ValueLoss.mean": {
            "value": 9733.531402994791,
            "min": 38.26346379121144,
            "max": 80533.70075520834,
            "count": 20
        },
        "5cars.Losses.ValueLoss.sum": {
            "value": 48667.65701497396,
            "min": 153.05385516484577,
            "max": 402668.5037760417,
            "count": 20
        },
        "5cars.Policy.LearningRate.mean": {
            "value": 6.679357773579994e-06,
            "min": 6.679357773579994e-06,
            "max": 0.0002922969025677,
            "count": 20
        },
        "5cars.Policy.LearningRate.sum": {
            "value": 3.339678886789997e-05,
            "min": 3.339678886789997e-05,
            "max": 0.0013921224359592,
            "count": 20
        },
        "5cars.Policy.Epsilon.mean": {
            "value": 0.10222642,
            "min": 0.10222642,
            "max": 0.1974323,
            "count": 20
        },
        "5cars.Policy.Epsilon.sum": {
            "value": 0.5111321,
            "min": 0.5100196000000001,
            "max": 0.9640408000000001,
            "count": 20
        },
        "5cars.Policy.Beta.mean": {
            "value": 0.00012109835799999994,
            "min": 0.00012109835799999994,
            "max": 0.004871871770000001,
            "count": 20
        },
        "5cars.Policy.Beta.sum": {
            "value": 0.0006054917899999997,
            "min": 0.0006054917899999997,
            "max": 0.02320563592,
            "count": 20
        },
        "5cars.IsTraining.mean": {
            "value": 1.0,
            "min": 1.0,
            "max": 1.0,
            "count": 20
        },
        "5cars.IsTraining.sum": {
            "value": 1.0,
            "min": 1.0,
            "max": 1.0,
            "count": 20
        }
    },
    "metadata": {
        "timer_format_version": "0.1.0",
        "start_time_seconds": "1654114601",
        "python_version": "3.9.6 (tags/v3.9.6:db3ff76, Jun 28 2021, 15:26:21) [MSC v.1929 64 bit (AMD64)]",
        "command_line_arguments": "C:\\Users\\enrin\\AppData\\Local\\Programs\\Python\\Python39\\Scripts\\mlagents-learn --run-id=5cars configuration.yaml",
        "mlagents_version": "0.29.0",
        "mlagents_envs_version": "0.29.0",
        "communication_protocol_version": "1.5.0",
        "pytorch_version": "1.7.1+cu110",
        "numpy_version": "1.21.2",
        "end_time_seconds": "1654117815"
    },
    "total": 3214.4212377999997,
    "count": 1,
    "self": 0.010930599999483093,
    "children": {
        "run_training.setup": {
            "total": 0.098186,
            "count": 1,
            "self": 0.098186
        },
        "TrainerController.start_learning": {
            "total": 3214.3121212,
            "count": 1,
            "self": 4.709447900000214,
            "children": {
                "TrainerController._reset_env": {
                    "total": 9.2715127,
                    "count": 1,
                    "self": 9.2715127
                },
                "TrainerController.advance": {
                    "total": 3200.1489901,
                    "count": 200030,
                    "self": 4.2158227000795705,
                    "children": {
                        "env_step": {
                            "total": 2682.5992159000148,
                            "count": 200030,
                            "self": 1749.1154748001272,
                            "children": {
                                "SubprocessEnvManager._take_step": {
                                    "total": 930.4758180999575,
                                    "count": 200030,
                                    "self": 13.765982399997142,
                                    "children": {
                                        "TorchPolicy.evaluate": {
                                            "total": 916.7098356999603,
                                            "count": 200030,
                                            "self": 266.16760079998164,
                                            "children": {
                                                "TorchPolicy.sample_actions": {
                                                    "total": 650.5422348999787,
                                                    "count": 200030,
                                                    "self": 650.5422348999787
                                                }
                                            }
                                        }
                                    }
                                },
                                "workers": {
                                    "total": 3.007922999930127,
                                    "count": 200030,
                                    "self": 0.0,
                                    "children": {
                                        "worker_root": {
                                            "total": 3202.29997809998,
                                            "count": 200030,
                                            "is_parallel": true,
                                            "self": 1688.0932153998112,