{"count":1,"self":347.0786816,"total":2546.4223429,"children":{"InitializeActuators":{"count":6,"self":0.0029998,"total":0.0029998,"children":null},"InitializeSensors":{"count":6,"self":0.0050415999999999994,"total":0.0050415999999999994,"children":null},"AgentSendState":{"count":166717,"self":99.961043199999992,"total":285.715435,"children":{"CollectObservations":{"count":1000302,"self":33.2146624,"total":33.2146611,"children":null},"WriteActionMask":{"count":1000302,"self":3.4068487999999997,"total":3.406849,"children":null},"RequestDecision":{"count":1000302,"self":11.3132352,"total":149.1328848,"children":{"AgentInfo.ToProto":{"count":1000302,"self":9.6506504,"total":137.81964969999999,"children":{"GenerateSensorData":{"count":1000302,"self":117.9096704,"total":128.1689996,"children":{"RayPerceptionSensor.Perceive":{"count":1000302,"self":10.2593272,"total":10.2593275,"children":null}}}}}}}}},"DecideAction":{"count":166717,"self":1908.2059775999999,"total":1908.2059975,"children":null},"AgentAct":{"count":166717,"self":5.3891976,"total":5.3891978,"children":null},"AgentInfo.ToProto":{"count":159,"self":0.0019984,"total":0.0239908,"children":{"GenerateSensorData":{"count":159,"self":0.0189996,"total":0.0219924,"children":{"RayPerceptionSensor.Perceive":{"count":159,"self":0.0029928,"total":0.0029928,"children":null}}}}}},"gauges":{"Test5.CumulativeReward":{"count":159,"max":328321.969,"min":-792.8269,"runningAverage":20848.5918,"value":328321.969,"weightedAverage":215348.266}},"metadata":{"timer_format_version":"0.1.0","start_time_seconds":"1655741930","unity_version":"2019.4.38f1","command_line_arguments":"K:\\Unity\\Editor\\2019.4.38f1\\Editor\\Unity.exe -projectpath K:\\UnityProjects\\computergraphics -useHub -hubIPC -cloudEnvironment production -licensingIpc LicenseClient-39333 -hubSessionId 969d4460-f0a2-11ec-b2b2-67604031c260 -accessToken _JbfOeMFz1Im6RU8a40sGxjVr_BuXKa4nehyeiDGcds006f","communication_protocol_version":"1.5.0","com.unity.ml-agents_version":"2.0.1","scene_name":"ACP_Demo","end_time_seconds":"1655744476"}}