{"count":1,"self":238.59491839999998,"total":1367.7842233,"children":{"InitializeActuators":{"count":6,"self":0.0019645,"total":0.0019645,"children":null},"InitializeSensors":{"count":6,"self":0.0030055,"total":0.0030055,"children":null},"AgentSendState":{"count":83384,"self":45.5688928,"total":116.5355955,"children":{"CollectObservations":{"count":500304,"self":14.617583999999999,"total":14.617583699999999,"children":null},"WriteActionMask":{"count":500304,"self":1.2748334,"total":1.2748334,"children":null},"RequestDecision":{"count":500304,"self":4.2140756,"total":55.0742859,"children":{"AgentInfo.ToProto":{"count":500304,"self":3.4509559999999997,"total":50.8602104,"children":{"GenerateSensorData":{"count":500304,"self":43.859007999999996,"total":47.409254399999995,"children":{"RayPerceptionSensor.Perceive":{"count":500304,"self":3.5502464,"total":3.5502464999999996,"children":null}}}}}}}}},"DecideAction":{"count":83384,"self":1009.6943104,"total":1009.6943559,"children":null},"AgentAct":{"count":83384,"self":2.8758893999999997,"total":2.8758893999999997,"children":null},"AgentInfo.ToProto":{"count":640,"self":0.010225699999999999,"total":0.0774894,"children":{"GenerateSensorData":{"count":640,"self":0.061478599999999994,"total":0.0672637,"children":{"RayPerceptionSensor.Perceive":{"count":640,"self":0.0057851,"total":0.0057851,"children":null}}}}}},"gauges":{"Test5.CumulativeReward":{"count":640,"max":812260.938,"min":-728.097839,"runningAverage":12908.3477,"value":21230.5332,"weightedAverage":73082.5156}},"metadata":{"timer_format_version":"0.1.0","start_time_seconds":"1653409256","unity_version":"2019.4.38f1","command_line_arguments":"C:\\Program Files\\Unity\\Hub\\Editor\\2019.4.38f1\\Editor\\Unity.exe -projectpath C:\\Users\\enrin\\Desktop\\Computer Graphics\\Progetto\\MM1 -useHub -hubIPC -cloudEnvironment production -licensingIpc LicenseClient-FrYcquOd4Ei4Aw7tcr9d4 -hubSessionId 30a17990-db78-11ec-b09c-0134f9af8fd0 -accessToken KhZucp1eBO55lOb1ldrHtZjx8pN7kuMH8b00onyn8JM012f","communication_protocol_version":"1.5.0","com.unity.ml-agents_version":"2.0.1","scene_name":"ACP_Demo","end_time_seconds":"1653410624"}}