{"count":1,"self":141.5910016,"total":169.0868683,"children":{"InitializeActuators":{"count":1,"self":0.0069153999999999995,"total":0.0069153999999999995,"children":null},"InitializeSensors":{"count":1,"self":0.016952599999999998,"total":0.016952599999999998,"children":null},"AgentSendState":{"count":3962,"self":2.2913069999999998,"total":3.3118414,"children":{"CollectObservations":{"count":3962,"self":0.73139619999999994,"total":0.73139619999999994,"children":null},"WriteActionMask":{"count":3962,"self":0.066453699999999991,"total":0.066453699999999991,"children":null},"RequestDecision":{"count":3962,"self":0.22268449999999998,"total":0.22268449999999998,"children":null}}},"DecideAction":{"count":3962,"self":23.777984,"total":23.918545599999998,"children":{"RayPerceptionSensor.Perceive":{"count":3962,"self":0.1405613,"total":0.1405613,"children":null}}},"AgentAct":{"count":3962,"self":0.23561359999999998,"total":0.23561359999999998,"children":null}},"gauges":{"Test5.CumulativeReward":{"count":1,"max":41807.1523,"min":41807.1523,"runningAverage":41807.1523,"value":41807.1523,"weightedAverage":41807.1523}},"metadata":{"timer_format_version":"0.1.0","start_time_seconds":"1655731062","unity_version":"2019.4.38f1","command_line_arguments":"C:\\Program Files\\Unity\\Hub\\Editor\\2019.4.38f1\\Editor\\Unity.exe -projectpath C:\\Users\\nicola\\Downloads\\computergraphics-master\\computergraphics -useHub -hubIPC -cloudEnvironment production -licensingIpc LicenseClient-nicola -hubSessionId 73dd29c0-ecc1-11ec-80a1-85b6f2b28f4d -accessToken LC3C4LNkcj9zWBy84hWLBFAL3R366yyt5lWt5UzBZiw012f","communication_protocol_version":"1.5.0","com.unity.ml-agents_version":"2.0.1","scene_name":"ACP_Demo","end_time_seconds":"1655731231"}}