{"count":1,"self":28.679449599999998,"total":30.6221534,"children":{"InitializeActuators":{"count":1,"self":0.0020525,"total":0.0020525,"children":null},"InitializeSensors":{"count":1,"self":0.002992,"total":0.002992,"children":null},"AgentSendState":{"count":1284,"self":0.1483013,"total":0.21534419999999999,"children":{"CollectObservations":{"count":1284,"self":0.041383699999999995,"total":0.041383699999999995,"children":null},"WriteActionMask":{"count":1284,"self":0.0060986,"total":0.0060986,"children":null},"RequestDecision":{"count":1284,"self":0.019560599999999997,"total":0.019560599999999997,"children":null}}},"DecideAction":{"count":1284,"self":1.7035547999999998,"total":1.7101715,"children":{"RayPerceptionSensor.Perceive":{"count":1284,"self":0.0066165999999999994,"total":0.0066165999999999994,"children":null}}},"AgentAct":{"count":1284,"self":0.011144399999999999,"total":0.011144399999999999,"children":null}},"gauges":{"Test4.CumulativeReward":{"count":5,"max":2867.06738,"min":79.5781,"runningAverage":1800.30859,"value":2165.208,"weightedAverage":1898.9884}},"metadata":{"timer_format_version":"0.1.0","start_time_seconds":"1653415987","unity_version":"2019.4.38f1","command_line_arguments":"C:\\Program Files\\Unity\\Hub\\Editor\\2019.4.38f1\\Editor\\Unity.exe -projectpath C:\\Users\\enrin\\Desktop\\Computer Graphics\\Progetto\\MM1 -useHub -hubIPC -cloudEnvironment production -licensingIpc LicenseClient-ugXfkemXP7SmWkzMkD-nh -hubSessionId 2845de00-db8a-11ec-a655-291b16585229 -accessToken CFAe4sDhbvpUq6qoT-t3XZn1ZCkx_fVuRIfV-YVAqu8012f","communication_protocol_version":"1.5.0","com.unity.ml-agents_version":"2.0.1","scene_name":"new_track","end_time_seconds":"1653416018"}}