{"count":1,"self":177.9259008,"total":193.43023739999998,"children":{"InitializeActuators":{"count":1,"self":0.00099859999999999988,"total":0.00099859999999999988,"children":null},"InitializeSensors":{"count":1,"self":0.004047,"total":0.004047,"children":null},"AgentSendState":{"count":9422,"self":1.1860262,"total":1.7817087999999999,"children":{"CollectObservations":{"count":9422,"self":0.42941799999999997,"total":0.42941799999999997,"children":null},"WriteActionMask":{"count":9422,"self":0.0420419,"total":0.0420419,"children":null},"RequestDecision":{"count":9422,"self":0.12422269999999999,"total":0.12422269999999999,"children":null}}},"DecideAction":{"count":9422,"self":13.417619199999999,"total":13.4899893,"children":{"RayPerceptionSensor.Perceive":{"count":9422,"self":0.0723697,"total":0.0723697,"children":null}}},"AgentAct":{"count":9422,"self":0.22658099999999998,"total":0.22658099999999998,"children":null}},"gauges":{},"metadata":{"timer_format_version":"0.1.0","start_time_seconds":"1656254172","unity_version":"2019.4.38f1","command_line_arguments":"C:\\Program Files\\Unity\\Hub\\Editor\\2019.4.38f1\\Editor\\Unity.exe -projectpath C:\\Users\\enrin\\Desktop\\Computer Graphics\\Progetto\\MM1 -useHub -hubIPC -cloudEnvironment production -licensingIpc LicenseClient-39FJc6q6up_9lvX-nPzwG -hubSessionId 49454cf0-f550-11ec-aa71-55d33a456d31 -accessToken 4sCSNlp85tbeKyUfjcQ5tKp9CmSNFD3Vb2l4ph6eztM012f","communication_protocol_version":"1.5.0","com.unity.ml-agents_version":"2.0.1","scene_name":"new_track","end_time_seconds":"1656254366"}}