{"count":1,"self":178.37050879999998,"total":200.19849969999999,"children":{"InitializeActuators":{"count":1,"self":0.0029955999999999997,"total":0.0029955999999999997,"children":null},"InitializeSensors":{"count":1,"self":0.0049997999999999996,"total":0.0049997999999999996,"children":null},"AgentSendState":{"count":9742,"self":1.4058118,"total":1.9106957,"children":{"CollectObservations":{"count":9742,"self":0.37232509999999996,"total":0.37232509999999996,"children":null},"WriteActionMask":{"count":9742,"self":0.043880699999999995,"total":0.043880699999999995,"children":null},"RequestDecision":{"count":9742,"self":0.0886781,"total":0.0886781,"children":null}}},"DecideAction":{"count":9742,"self":19.694491199999998,"total":19.7653358,"children":{"RayPerceptionSensor.Perceive":{"count":9742,"self":0.0708444,"total":0.0708444,"children":null}}},"AgentAct":{"count":9742,"self":0.1429647,"total":0.1429647,"children":null}},"gauges":{"Test4.CumulativeReward":{"count":2,"max":8455.612,"min":860.449341,"runningAverage":4658.031,"value":8455.612,"weightedAverage":2759.24}},"metadata":{"timer_format_version":"0.1.0","start_time_seconds":"1653670943","unity_version":"2019.4.38f1","command_line_arguments":"K:\\Unity\\Editor\\2019.4.38f1\\Editor\\Unity.exe -projectpath K:\\UnityProjects\\computergraphics -useHub -hubIPC -cloudEnvironment production -licensingIpc LicenseClient-39333 -hubSessionId 11a2feb0-ddd5-11ec-81f1-0b77e9c1d110 -accessToken _x9G44nrLRtIamnIwOFyui1xqufusg5T69xgPcZd780006f","communication_protocol_version":"1.5.0","com.unity.ml-agents_version":"2.0.1","scene_name":"new_track","end_time_seconds":"1653671143"}}