{
    "name": "root",
    "metadata": {
        "timer_format_version": "0.1.0",
        "start_time_seconds": "1652965145",
        "python_version": "3.7.13 (default, Mar 28 2022, 08:03:21) [MSC v.1916 64 bit (AMD64)]",
        "command_line_arguments": "C:\\Users\\iacos\\.conda\\envs\\unityenv\\Scripts\\mlagents-learn --run-id=test2 --force",
        "mlagents_version": "0.28.0",
        "mlagents_envs_version": "0.28.0",
        "communication_protocol_version": "1.5.0",
        "pytorch_version": "1.7.1+cu110",
        "numpy_version": "1.21.6",
        "end_time_seconds": "1652965647"
    },
    "total": 502.4154336,
    "count": 1,
    "self": 0.009010799999998653,
    "children": {
        "run_training.setup": {
            "total": 0.13376400000000022,
            "count": 1,
            "self": 0.13376400000000022
        },
        "TrainerController.start_learning": {
            "total": 502.2726588,
            "count": 1,
            "self": 0.729766300004087,
            "children": {
                "TrainerController._reset_env": {
                    "total": 13.1780286,
                    "count": 1,
                    "self": 13.1780286
                },
                "TrainerController.advance": {
                    "total": 487.76381039999586,
                    "count": 24751,
                    "self": 0.7868547999920565,
                    "children": {
                        "env_step": {
                            "total": 474.35289440000645,
                            "count": 24751,
                            "self": 304.6246658000123,
                            "children": {
                                "SubprocessEnvManager._take_step": {
                                    "total": 169.27219579999718,
                                    "count": 24751,
                                    "self": 2.545257499998314,
                                    "children": {
                                        "TorchPolicy.evaluate": {
                                            "total": 166.72693829999886,
                                            "count": 24751,
                                            "self": 55.61857109999062,
                                            "children": {
                                                "TorchPolicy.sample_actions": {
                                                    "total": 111.10836720000825,
                                                    "count": 24751,
                                                    "self": 111.10836720000825
                                                }
                                            }
                                        }
                                    }
                                },
                                "workers": {
                                    "total": 0.4560327999970113,
                                    "count": 24750,
                                    "self": 0.0,
                                    "children": {
                                        "worker_root": {
                                            "total": 428.46941679999696,
                                            "count": 24750,
                                            "is_parallel": true,
                                            "self": 222.3814851999968,
                                            "children": {
                                                "steps_from_proto": {
                                                    "total": 0.0051496999999987025,
                                                    "count": 1,
                                                    "is_parallel": true,
                                                    "self": 0.0017801999999988993,
                                                    "children": {
                                                        "_process_rank_one_or_two_observation": {
                                                            "total": 0.003369499999999803,
                                                            "count": 4,
                                                            "is_parallel": true,
                                                            "self": 0.003369499999999803
                                                        }
                                                    }
                                                },
                                                "UnityEnvironment.step": {
                                                    "total": 206.08278190000016,
                                                    "count": 24750,
                                                    "is_parallel": true,
                                                    "self": 3.5525035000045477,
                                                    "children": {
                                                        "UnityEnvironment._generate_step_input": {
                                                            "total": 2.5921803999992434,
                                                            "count": 24750,
                                                            "is_parallel": true,
                                                            "self": 2.5921803999992434
                                                        },
                                                        "communicator.exchange": {
                                                            "total": 185.60113039999916,
                                                            "count": 24750,
                                                            "is_parallel": true,
                                                            "self": 185.60113039999916
                                                        },
                                                        "steps_from_proto": {
                                                            "total": 14.336967599997209,
                                                            "count": 24750,
                                                            "is_parallel": true,
                                                            "self": 8.39115179999337,
                                                            "children": {
                                                                "_process_rank_one_or_two_observation": {
                                                                    "total": 5.945815800003839,
                                                                    "count": 99000,
                                                                    "is_parallel": true,
                                                                    "self": 5.945815800003839
                                                                }
                                                            }
                                                        }
                                                    }
                                                }
                                            }
                                        }
                                    }
                                }
                            }
                        },
                        "trainer_advance": {
                            "total": 12.62406119999737,
                            "count": 24750,
                            "self": 0.9248866999905694,
                            "children": {
                                "process_trajectory": {
                                    "total": 4.153147700006837,
                                    "count": 24750,
                                    "self": 4.153147700006837
                                },
                                "_update_policy": {
                                    "total": 7.546026799999964,