{
    "name": "root",
    "gauges": {
        "Test5.Policy.Entropy.mean": {
            "value": 0.8062766790390015,
            "min": 0.7858014106750488,
            "max": 2.1671817302703857,
            "count": 20
        },
        "Test5.Policy.Entropy.sum": {
            "value": 40273.51953125,
            "min": 39279.0703125,
            "max": 108601.8125,
            "count": 20
        },
        "Test5.Step.mean": {
            "value": 999960.0,
            "min": 49938.0,
            "max": 999960.0,
            "count": 20
        },
        "Test5.Step.sum": {
            "value": 999960.0,
            "min": 49938.0,
            "max": 999960.0,
            "count": 20
        },
        "Test5.Policy.ExtrinsicValueEstimate.mean": {
            "value": 2765.112060546875,
            "min": -7.268197059631348,
            "max": 2765.492919921875,
            "count": 20
        },
        "Test5.Policy.ExtrinsicValueEstimate.sum": {
            "value": 2159552.5,
            "min": -5814.5576171875,
            "max": 2162394.25,
            "count": 20
        },
        "Test5.Environment.EpisodeLength.mean": {
            "value": 34254.0,
            "min": 267.3819095477387,
            "max": 34254.0,
            "count": 7
        },
        "Test5.Environment.EpisodeLength.sum": {
            "value": 34254.0,
            "min": 12833.0,
            "max": 53209.0,
            "count": 7
        },
        "Test5.Environment.CumulativeReward.mean": {
            "value": 946001.175201416,
            "min": -304.49093891818853,
            "max": 946001.175201416,
            "count": 7
        },
        "Test5.Environment.CumulativeReward.sum": {
            "value": 946001.175201416,
            "min": -13093.110373482108,
            "max": 1069399.7995147705,
            "count": 7
        },
        "Test5.Policy.ExtrinsicReward.mean": {
            "value": 946001.175201416,
            "min": -304.49093891818853,
            "max": 946001.175201416,
            "count": 7
        },
        "Test5.Policy.ExtrinsicReward.sum": {
            "value": 946001.175201416,
            "min": -13093.110373482108,
            "max": 1069399.7995147705,
            "count": 7
        },
        "Test5.Losses.PolicyLoss.mean": {
            "value": 0.02293935489840806,
            "min": 0.020992031522716083,
            "max": 0.02724268056141833,
            "count": 20
        },
        "Test5.Losses.PolicyLoss.sum": {
            "value": 0.1146967744920403,
            "min": 0.09289738776860759,
            "max": 0.13621340280709165,
            "count": 20
        },
        "Test5.Losses.ValueLoss.mean": {
            "value": 943.0676977539063,
            "min": 124.52718110481898,
            "max": 35233.887682291665,
            "count": 20
        },
        "Test5.Losses.ValueLoss.sum": {
            "value": 4715.338488769531,
            "min": 498.1087244192759,
            "max": 176169.4384114583,
            "count": 20
        },
        "Test5.Policy.LearningRate.mean": {
            "value": 6.578497807199998e-06,
            "min": 6.578497807199998e-06,
            "max": 0.00029229082756972494,
            "count": 20
        },
        "Test5.Policy.LearningRate.sum": {
            "value": 3.289248903599999e-05,
            "min": 3.289248903599999e-05,
            "max": 0.0013920924359691995,
            "count": 20
        },
        "Test5.Policy.Epsilon.mean": {
            "value": 0.1021928,
            "min": 0.1021928,
            "max": 0.197430275,
            "count": 20
        },
        "Test5.Policy.Epsilon.sum": {
            "value": 0.510964,
            "min": 0.5097504000000002,
            "max": 0.9640308000000002,
            "count": 20
        },
        "Test5.Policy.Beta.mean": {
            "value": 0.00011942071999999993,
            "min": 0.00011942071999999993,
            "max": 0.0048717707225,
            "count": 20
        },
        "Test5.Policy.Beta.sum": {
            "value": 0.0005971035999999996,
            "min": 0.0005971035999999996,
            "max": 0.02320513692,
            "count": 20
        },
        "Test5.IsTraining.mean": {
            "value": 1.0,
            "min": 1.0,
            "max": 1.0,
            "count": 20
        },
        "Test5.IsTraining.sum": {
            "value": 1.0,
            "min": 1.0,
            "max": 1.0,
            "count": 20
        }
    },
    "metadata": {
        "timer_format_version": "0.1.0",
        "start_time_seconds": "1655040521",
        "python_version": "3.9.7 (default, Sep 16 2021, 16:59:28) [MSC v.1916 64 bit (AMD64)]",
        "command_line_arguments": "K:\\Miniconda\\Scripts\\mlagents-learn configuration.yaml --run-id=TEST6CIRCUITI6MACCHINE --force",
        "mlagents_version": "0.28.0",
        "mlagents_envs_version": "0.28.0",
        "communication_protocol_version": "1.5.0",
        "pytorch_version": "1.7.1+cu110",
        "numpy_version": "1.21.2",
        "end_time_seconds": "1655043073"
    },
    "total": 2551.3072742,
    "count": 1,
    "self": 0.009050200000274344,
    "children": {
        "run_training.setup": {
            "total": 0.35795469999999985,
            "count": 1,
            "self": 0.35795469999999985
        },
        "TrainerController.start_learning": {
            "total": 2550.9402692999997,
            "count": 1,
            "self": 3.116488099943581,
            "children": {
                "TrainerController._reset_env": {
                    "total": 18.8641152,
                    "count": 1,
                    "self": 18.8641152
                },
                "TrainerController.advance": {
                    "total": 2528.861190300056,
                    "count": 166701,
                    "self": 3.092345100053535,
                    "children": {
                        "env_step": {
                            "total": 2124.4067794000093,
                            "count": 166701,
                            "self": 1369.1564921999325,
                            "children": {
                                "SubprocessEnvManager._take_step": {
                                    "total": 753.096167400036,
                                    "count": 166701,
                                    "self": 9.877157700023076,
                                    "children": {
                                        "TorchPolicy.evaluate": {
                                            "total": 743.219009700013,
                                            "count": 166701,
                                            "self": 211.61184350003896,
                                            "children": {
                                                "TorchPolicy.sample_actions": {
                                                    "total": 531.607166199974,
                                                    "count": 166701,
                                                    "self": 531.607166199974
                                                }
                                            }
                                        }
                                    }
                                },
                                "workers": {
                                    "total": 2.154119800040778,
                                    "count": 166701,
                                    "self": 0.0,
                                    "children": {
                                        "worker_root": {
                                            "total": 2537.6712200000024,
                                            "count": 166701,
                                            "is_parallel": true,
                                            "self": 1357.0549829000033,