{
    "name": "root",
    "gauges": {
        "Test5.Policy.Entropy.mean": {
            "value": 1.070717215538025,
            "min": 1.070717215538025,
            "max": 2.1426897048950195,
            "count": 10
        },
        "Test5.Policy.Entropy.sum": {
            "value": 53332.42578125,
            "min": 53332.42578125,
            "max": 107670.15625,
            "count": 10
        },
        "Test5.Step.mean": {
            "value": 499986.0,
            "min": 49978.0,
            "max": 499986.0,
            "count": 10
        },
        "Test5.Step.sum": {
            "value": 499986.0,
            "min": 49978.0,
            "max": 499986.0,
            "count": 10
        },
        "Test5.Policy.ExtrinsicValueEstimate.mean": {
            "value": 975.52880859375,
            "min": -3.184692144393921,
            "max": 975.52880859375,
            "count": 10
        },
        "Test5.Policy.ExtrinsicValueEstimate.sum": {
            "value": 846759.0,
            "min": -2589.15478515625,
            "max": 846759.0,
            "count": 10
        },
        "Test5.Environment.EpisodeLength.mean": {
            "value": 189.61827956989248,
            "min": 184.22043010752688,
            "max": 753.6984126984127,
            "count": 10
        },
        "Test5.Environment.EpisodeLength.sum": {
            "value": 35269.0,
            "min": 34265.0,
            "max": 50835.0,
            "count": 10
        },
        "Test5.Environment.CumulativeReward.mean": {
            "value": 1482.0422150070603,
            "min": -119.32427674508284,
            "max": 2872.061540309294,
            "count": 10
        },
        "Test5.Environment.CumulativeReward.sum": {
            "value": 274177.80977630615,
            "min": -7517.429434940219,
            "max": 493573.4943294525,
            "count": 10
        },
        "Test5.Policy.ExtrinsicReward.mean": {
            "value": 1482.0422150070603,
            "min": -119.32427674508284,
            "max": 2872.061540309294,
            "count": 10
        },
        "Test5.Policy.ExtrinsicReward.sum": {
            "value": 274177.80977630615,
            "min": -7517.429434940219,
            "max": 493573.4943294525,
            "count": 10
        },
        "Test5.Losses.PolicyLoss.mean": {
            "value": 0.021104191398868957,
            "min": 0.021104191398868957,
            "max": 0.02639257547756036,
            "count": 10
        },
        "Test5.Losses.PolicyLoss.sum": {
            "value": 0.10552095699434479,
            "min": 0.09827788709662855,
            "max": 0.1319628773878018,
            "count": 10
        },
        "Test5.Losses.ValueLoss.mean": {
            "value": 57221.11955729166,
            "min": 17.481720493237177,
            "max": 57221.11955729166,
            "count": 10
        },
        "Test5.Losses.ValueLoss.sum": {
            "value": 286105.5977864583,
            "min": 69.9268819729487,
            "max": 286105.5977864583,
            "count": 10
        },
        "Test5.Policy.LearningRate.mean": {
            "value": 1.6521214492959997e-05,
            "min": 1.6521214492959997e-05,
            "max": 0.0002846028051324,
            "count": 10
        },
        "Test5.Policy.LearningRate.sum": {
            "value": 8.260607246479999e-05,
            "min": 8.260607246479999e-05,
            "max": 0.0012844506718497999,
            "count": 10
        },
        "Test5.Policy.Epsilon.mean": {
            "value": 0.10550704,
            "min": 0.10550704,
            "max": 0.19486759999999997,
            "count": 10
        },
        "Test5.Policy.Epsilon.sum": {
            "value": 0.5275352,
            "min": 0.5001034000000001,
            "max": 0.9281502,
            "count": 10
        },
        "Test5.Policy.Beta.mean": {
            "value": 0.00028480129600000006,
            "min": 0.00028480129600000006,
            "max": 0.00474389324,
            "count": 10
        },
        "Test5.Policy.Beta.sum": {
            "value": 0.0014240064800000003,
            "min": 0.0014240064800000003,
            "max": 0.021414694980000003,
            "count": 10
        },
        "Test5.IsTraining.mean": {
            "value": 1.0,
            "min": 1.0,
            "max": 1.0,
            "count": 10
        },
        "Test5.IsTraining.sum": {
            "value": 1.0,
            "min": 1.0,
            "max": 1.0,
            "count": 10
        }
    },
    "metadata": {
        "timer_format_version": "0.1.0",
        "start_time_seconds": "1654100154",
        "python_version": "3.9.7 (default, Sep 16 2021, 16:59:28) [MSC v.1916 64 bit (AMD64)]",
        "command_line_arguments": "K:\\Miniconda\\Scripts\\mlagents-learn --run-id=Test10Cars",
        "mlagents_version": "0.28.0",
        "mlagents_envs_version": "0.28.0",
        "communication_protocol_version": "1.5.0",
        "pytorch_version": "1.7.1+cu110",
        "numpy_version": "1.21.2",
        "end_time_seconds": "1654101156"
    },
    "total": 1001.8075069999999,
    "count": 1,
    "self": 0.020605699999805438,
    "children": {
        "run_training.setup": {
            "total": 0.44478249999999875,
            "count": 1,
            "self": 0.44478249999999875
        },
        "TrainerController.start_learning": {
            "total": 1001.3421188000001,
            "count": 1,
            "self": 0.9829495999964593,
            "children": {
                "TrainerController._reset_env": {
                    "total": 19.224807300000002,
                    "count": 1,
                    "self": 19.224807300000002
                },
                "TrainerController.advance": {
                    "total": 981.0321254000038,
                    "count": 50028,
                    "self": 0.987260600017521,
                    "children": {
                        "env_step": {
                            "total": 774.3066718999844,
                            "count": 50028,
                            "self": 541.9825745999831,
                            "children": {
                                "SubprocessEnvManager._take_step": {
                                    "total": 231.682538899999,
                                    "count": 50028,
                                    "self": 3.2051235999829544,
                                    "children": {
                                        "TorchPolicy.evaluate": {
                                            "total": 228.47741530001605,
                                            "count": 50028,
                                            "self": 64.00062010002765,
                                            "children": {
                                                "TorchPolicy.sample_actions": {
                                                    "total": 164.4767951999884,
                                                    "count": 50028,
                                                    "self": 164.4767951999884
                                                }
                                            }
                                        }
                                    }
                                },
                                "workers": {
                                    "total": 0.6415584000023102,
                                    "count": 50028,
                                    "self": 0.0,
                                    "children": {
                                        "worker_root": {
                                            "total": 990.0489635999986,
                                            "count": 50028,
                                            "is_parallel": true,
                                            "self": 513.6951256000046,