{
    "name": "root",
    "metadata": {
        "timer_format_version": "0.1.0",
        "start_time_seconds": "1652877900",
        "python_version": "3.9.6 (tags/v3.9.6:db3ff76, Jun 28 2021, 15:26:21) [MSC v.1929 64 bit (AMD64)]",
        "command_line_arguments": "C:\\Users\\enrin\\AppData\\Local\\Programs\\Python\\Python39\\Scripts\\mlagents-learn --run-id=run1",
        "mlagents_version": "0.29.0",
        "mlagents_envs_version": "0.29.0",
        "communication_protocol_version": "1.5.0",
        "pytorch_version": "1.7.1+cu110",
        "numpy_version": "1.21.2",
        "end_time_seconds": "1652878102"
    },
    "total": 202.0360761,
    "count": 1,
    "self": 10.010093699999999,
    "children": {
        "run_training.setup": {
            "total": 0.14284530000000029,
            "count": 1,
            "self": 0.14284530000000029
        },
        "TrainerController.start_learning": {
            "total": 191.8831371,
            "count": 1,
            "self": 0.21289819999910264,
            "children": {
                "TrainerController._reset_env": {
                    "total": 20.4366969,
                    "count": 1,
                    "self": 20.4366969
                },
                "TrainerController.advance": {
                    "total": 169.9107193000009,
                    "count": 10584,
                    "self": 0.1834250000003692,
                    "children": {
                        "env_step": {
                            "total": 166.26804160000003,
                            "count": 10584,
                            "self": 120.6437157999986,
                            "children": {
                                "SubprocessEnvManager._take_step": {
                                    "total": 45.4988614000018,
                                    "count": 10586,
                                    "self": 0.5517216000021534,
                                    "children": {
                                        "TorchPolicy.evaluate": {
                                            "total": 44.94713979999965,
                                            "count": 10586,
                                            "self": 14.267980999999168,
                                            "children": {
                                                "TorchPolicy.sample_actions": {
                                                    "total": 30.67915880000048,
                                                    "count": 10586,
                                                    "self": 30.67915880000048
                                                }
                                            }
                                        }
                                    }
                                },
                                "workers": {
                                    "total": 0.1254643999996361,
                                    "count": 10583,
                                    "self": 0.0,
                                    "children": {
                                        "worker_root": {
                                            "total": 111.17094259999999,
                                            "count": 10583,
                                            "is_parallel": true,
                                            "self": 69.10333720000014,
                                            "children": {
                                                "steps_from_proto": {
                                                    "total": 0.006112299999998072,
                                                    "count": 3,
                                                    "is_parallel": true,
                                                    "self": 0.001880900000008623,
                                                    "children": {
                                                        "_process_rank_one_or_two_observation": {
                                                            "total": 0.004231399999989449,
                                                            "count": 12,
                                                            "is_parallel": true,
                                                            "self": 0.004231399999989449
                                                        }
                                                    }
                                                },
                                                "UnityEnvironment.step": {
                                                    "total": 42.06149309999984,
                                                    "count": 10583,
                                                    "is_parallel": true,
                                                    "self": 0.7044003999994572,
                                                    "children": {
                                                        "UnityEnvironment._generate_step_input": {
                                                            "total": 0.6063940999996582,
                                                            "count": 10583,
                                                            "is_parallel": true,
                                                            "self": 0.6063940999996582
                                                        },
                                                        "communicator.exchange": {
                                                            "total": 38.11084950000063,
                                                            "count": 10583,
                                                            "is_parallel": true,
                                                            "self": 38.11084950000063
                                                        },
                                                        "steps_from_proto": {
                                                            "total": 2.6398491000000988,
                                                            "count": 10583,
                                                            "is_parallel": true,
                                                            "self": 1.4696979000005186,
                                                            "children": {
                                                                "_process_rank_one_or_two_observation": {
                                                                    "total": 1.1701511999995802,
                                                                    "count": 42332,
                                                                    "is_parallel": true,
                                                                    "self": 1.1701511999995802
                                                                }
                                                            }
                                                        }
                                                    }
                                                }
                                            }
                                        }
                                    }
                                }
                            }
                        },
                        "trainer_advance": {
                            "total": 3.4592527000005013,
                            "count": 10583,
                            "self": 0.23658330000017713,
                            "children": {
                                "process_trajectory": {
                                    "total": 1.3318792000003263,
                                    "count": 10583,
                                    "self": 1.3318792000003263
                                },
                                "_update_policy": {
                                    "total": 1.8907901999999979,