{
    "name": "root",
    "gauges": {
        "Test5.Policy.Entropy.mean": {
            "value": 0.8715993165969849,
            "min": 0.8461964130401611,
            "max": 2.153330087661743,
            "count": 20
        },
        "Test5.Policy.Entropy.sum": {
            "value": 43562.53515625,
            "min": 42250.5859375,
            "max": 108334.03125,
            "count": 20
        },
        "Test5.Step.mean": {
            "value": 999953.0,
            "min": 49957.0,
            "max": 999953.0,
            "count": 20
        },
        "Test5.Step.sum": {
            "value": 999953.0,
            "min": 49957.0,
            "max": 999953.0,
            "count": 20
        },
        "Test5.Policy.ExtrinsicValueEstimate.mean": {
            "value": 2056.55126953125,
            "min": -2.21238112449646,
            "max": 2058.4091796875,
            "count": 20
        },
        "Test5.Policy.ExtrinsicValueEstimate.sum": {
            "value": 1606166.5,
            "min": -1761.0552978515625,
            "max": 1608495.0,
            "count": 20
        },
        "Test5.Environment.EpisodeLength.mean": {
            "value": 5853.0,
            "min": 1198.75,
            "max": 10066.666666666666,
            "count": 9
        },
        "Test5.Environment.EpisodeLength.sum": {
            "value": 5853.0,
            "min": 2488.0,
            "max": 61513.0,
            "count": 9
        },
        "Test5.Environment.CumulativeReward.mean": {
            "value": 153580.23861694336,
            "min": -163.52985337486973,
            "max": 206249.32915751138,
            "count": 9
        },
        "Test5.Environment.CumulativeReward.sum": {
            "value": 153580.23861694336,
            "min": -4415.306041121483,
            "max": 618747.9874725342,
            "count": 9
        },
        "Test5.Policy.ExtrinsicReward.mean": {
            "value": 153580.23861694336,
            "min": -163.52985337486973,
            "max": 206249.32915751138,
            "count": 9
        },
        "Test5.Policy.ExtrinsicReward.sum": {
            "value": 153580.23861694336,
            "min": -4415.306041121483,
            "max": 618747.9874725342,
            "count": 9
        },
        "Test5.Losses.PolicyLoss.mean": {
            "value": 0.025300384679188333,
            "min": 0.020871318572511278,
            "max": 0.025501916498566667,
            "count": 20
        },
        "Test5.Losses.PolicyLoss.sum": {
            "value": 0.12650192339594166,
            "min": 0.08933872165313611,
            "max": 0.12750958249283334,
            "count": 20
        },
        "Test5.Losses.ValueLoss.mean": {
            "value": 1693.5569441731773,
            "min": 9.2584604571263,
            "max": 24418.405989583334,
            "count": 20
        },
        "Test5.Losses.ValueLoss.sum": {
            "value": 8467.784720865886,
            "min": 37.0338418285052,
            "max": 122092.02994791667,
            "count": 20
        },
        "Test5.Policy.LearningRate.mean": {
            "value": 6.446197851300003e-06,
            "min": 6.446197851300003e-06,
            "max": 0.0002923056025648,
            "count": 20
        },
        "Test5.Policy.LearningRate.sum": {
            "value": 3.2230989256500015e-05,
            "min": 3.2230989256500015e-05,
            "max": 0.0013922247359250998,
            "count": 20
        },
        "Test5.Policy.Epsilon.mean": {
            "value": 0.10214870000000002,
            "min": 0.10214870000000002,
            "max": 0.19743519999999998,
            "count": 20
        },
        "Test5.Policy.Epsilon.sum": {
            "value": 0.5107435000000001,
            "min": 0.5107435000000001,
            "max": 0.9640749,
            "count": 20
        },
        "Test5.Policy.Beta.mean": {
            "value": 0.00011722013000000007,
            "min": 0.00011722013000000007,
            "max": 0.004872016480000001,
            "count": 20
        },
        "Test5.Policy.Beta.sum": {
            "value": 0.0005861006500000003,
            "min": 0.0005861006500000003,
            "max": 0.023207337510000002,
            "count": 20
        },
        "Test5.IsTraining.mean": {
            "value": 1.0,
            "min": 1.0,
            "max": 1.0,
            "count": 20
        },
        "Test5.IsTraining.sum": {
            "value": 1.0,
            "min": 1.0,
            "max": 1.0,
            "count": 20
        }
    },
    "metadata": {
        "timer_format_version": "0.1.0",
        "start_time_seconds": "1654102319",
        "python_version": "3.9.7 (default, Sep 16 2021, 16:59:28) [MSC v.1916 64 bit (AMD64)]",
        "command_line_arguments": "K:\\Miniconda\\Scripts\\mlagents-learn configuration.yaml --run-id=Test10Cars2 --force",
        "mlagents_version": "0.28.0",
        "mlagents_envs_version": "0.28.0",
        "communication_protocol_version": "1.5.0",
        "pytorch_version": "1.7.1+cu110",
        "numpy_version": "1.21.2",
        "end_time_seconds": "1654105231"
    },
    "total": 2911.9159706,
    "count": 1,
    "self": 0.007586600000195176,
    "children": {
        "run_training.setup": {
            "total": 0.11266920000000002,
            "count": 1,
            "self": 0.11266920000000002
        },
        "TrainerController.start_learning": {
            "total": 2911.7957148,
            "count": 1,
            "self": 2.103987800007417,
            "children": {
                "TrainerController._reset_env": {
                    "total": 11.0586225,
                    "count": 1,
                    "self": 11.0586225
                },
                "TrainerController.advance": {
                    "total": 2898.5379006999924,
                    "count": 100039,
                    "self": 2.0455033999783154,
                    "children": {
                        "env_step": {
                            "total": 1685.7009606000415,
                            "count": 100039,
                            "self": 1209.0811291999903,
                            "children": {
                                "SubprocessEnvManager._take_step": {
                                    "total": 475.20683770003404,
                                    "count": 100039,
                                    "self": 6.870841800086964,
                                    "children": {
                                        "TorchPolicy.evaluate": {
                                            "total": 468.3359958999471,
                                            "count": 100039,
                                            "self": 138.1491940999863,
                                            "children": {
                                                "TorchPolicy.sample_actions": {
                                                    "total": 330.1868017999608,
                                                    "count": 100039,
                                                    "self": 330.1868017999608
                                                }
                                            }
                                        }
                                    }
                                },
                                "workers": {
                                    "total": 1.4129937000173118,
                                    "count": 100039,
                                    "self": 0.0,
                                    "children": {
                                        "worker_root": {
                                            "total": 2898.909021799997,
                                            "count": 100039,
                                            "is_parallel": true,
                                            "self": 1823.9577654000555,